"LOCATION","INDICATOR","SUBJECT","MEASURE","FREQUENCY","TIME","Value","Flag Codes"
"AUS","OILIMPPRICE","TOT","USD_BAR","A","1980",31.81,
"AUS","OILIMPPRICE","TOT","USD_BAR","A","1981",35.88,
"AUS","OILIMPPRICE","TOT","USD_BAR","A","1982",35.42,
"AUS","OILIMPPRICE","TOT","USD_BAR","A","1983",30.88,
"AUS","OILIMPPRICE","TOT","USD_BAR","A","1984",29.19,
"AUS","OILIMPPRICE","TOT","USD_BAR","A","1985",28.17,
"AUS","OILIMPPRICE","TOT","USD_BAR","A","1986",14.49,
"AUS","OILIMPPRICE","TOT","USD_BAR","A","1987",19,
"AUS","OILIMPPRICE","TOT","USD_BAR","A","1988",15.93,
"AUS","OILIMPPRICE","TOT","USD_BAR","A","1989",17.63,
"AUS","OILIMPPRICE","TOT","USD_BAR","A","1990",24.21,
"AUS","OILIMPPRICE","TOT","USD_BAR","A","1991",20.7,
"AUS","OILIMPPRICE","TOT","USD_BAR","A","1992",20.16,
"AUS","OILIMPPRICE","TOT","USD_BAR","A","1993",17.91,
"AUS","OILIMPPRICE","TOT","USD_BAR","A","1994",16.76,
"AUS","OILIMPPRICE","TOT","USD_BAR","A","1995",18.53,
"AUS","OILIMPPRICE","TOT","USD_BAR","A","1996",21.81,
"AUS","OILIMPPRICE","TOT","USD_BAR","A","1997",21.78,
"AUS","OILIMPPRICE","TOT","USD_BAR","A","1998",14.6,
"AUS","OILIMPPRICE","TOT","USD_BAR","A","1999",18.38,
"AUS","OILIMPPRICE","TOT","USD_BAR","A","2000",30.79,
"AUS","OILIMPPRICE","TOT","USD_BAR","A","2001",26.61,
"AUS","OILIMPPRICE","TOT","USD_BAR","A","2002",25.8,
"AUS","OILIMPPRICE","TOT","USD_BAR","A","2003",31.24,
"AUS","OILIMPPRICE","TOT","USD_BAR","A","2004",40.93,
"AUS","OILIMPPRICE","TOT","USD_BAR","A","2005",56.71,
"AUS","OILIMPPRICE","TOT","USD_BAR","A","2006",66.71,
"AUS","OILIMPPRICE","TOT","USD_BAR","A","2007",77.13,
"AUS","OILIMPPRICE","TOT","USD_BAR","A","2008",107.83,
"AUS","OILIMPPRICE","TOT","USD_BAR","A","2009",63.4,
"AUS","OILIMPPRICE","TOT","USD_BAR","A","2010",82.6,
"AUS","OILIMPPRICE","TOT","USD_BAR","A","2011",115.66,
"AUS","OILIMPPRICE","TOT","USD_BAR","A","2012",117.78,
"AUS","OILIMPPRICE","TOT","USD_BAR","A","2013",114.19,
"AUS","OILIMPPRICE","TOT","USD_BAR","A","2014",107.05,
"AUS","OILIMPPRICE","TOT","USD_BAR","A","2015",57.9,
"AUS","OILIMPPRICE","TOT","USD_BAR","A","2016",46.87,
"AUS","OILIMPPRICE","TOT","USD_BAR","A","2017",56.99,
"AUT","OILIMPPRICE","TOT","USD_BAR","A","1980",33.66,
"AUT","OILIMPPRICE","TOT","USD_BAR","A","1981",37.8,
"AUT","OILIMPPRICE","TOT","USD_BAR","A","1982",33.49,
"AUT","OILIMPPRICE","TOT","USD_BAR","A","1983",30.66,
"AUT","OILIMPPRICE","TOT","USD_BAR","A","1984",29.66,
"AUT","OILIMPPRICE","TOT","USD_BAR","A","1985",28.74,
"AUT","OILIMPPRICE","TOT","USD_BAR","A","1986",16.28,
"AUT","OILIMPPRICE","TOT","USD_BAR","A","1987",18.81,
"AUT","OILIMPPRICE","TOT","USD_BAR","A","1988",16.21,
"AUT","OILIMPPRICE","TOT","USD_BAR","A","1989",19.1,
"AUT","OILIMPPRICE","TOT","USD_BAR","A","1990",24.58,
"AUT","OILIMPPRICE","TOT","USD_BAR","A","1991",22.55,
"AUT","OILIMPPRICE","TOT","USD_BAR","A","1992",20.35,
"AUT","OILIMPPRICE","TOT","USD_BAR","A","1993",18.02,
"AUT","OILIMPPRICE","TOT","USD_BAR","A","1994",16.99,
"AUT","OILIMPPRICE","TOT","USD_BAR","A","1995",18.78,
"AUT","OILIMPPRICE","TOT","USD_BAR","A","1996",22.06,
"AUT","OILIMPPRICE","TOT","USD_BAR","A","1997",21.31,
"AUT","OILIMPPRICE","TOT","USD_BAR","A","1998",14.34,
"AUT","OILIMPPRICE","TOT","USD_BAR","A","1999",17.54,
"AUT","OILIMPPRICE","TOT","USD_BAR","A","2000",29.39,
"AUT","OILIMPPRICE","TOT","USD_BAR","A","2001",25.32,
"AUT","OILIMPPRICE","TOT","USD_BAR","A","2002",24.64,
"AUT","OILIMPPRICE","TOT","USD_BAR","A","2003",29.59,
"AUT","OILIMPPRICE","TOT","USD_BAR","A","2004",38.21,
"AUT","OILIMPPRICE","TOT","USD_BAR","A","2005",53.15,
"AUT","OILIMPPRICE","TOT","USD_BAR","A","2006",64.44,
"AUT","OILIMPPRICE","TOT","USD_BAR","A","2007",71.86,
"AUT","OILIMPPRICE","TOT","USD_BAR","A","2008",103.05,
"AUT","OILIMPPRICE","TOT","USD_BAR","A","2009",60.69,
"AUT","OILIMPPRICE","TOT","USD_BAR","A","2010",80,
"AUT","OILIMPPRICE","TOT","USD_BAR","A","2011",110.92,
"AUT","OILIMPPRICE","TOT","USD_BAR","A","2012",112.5,
"AUT","OILIMPPRICE","TOT","USD_BAR","A","2013",110.63,
"AUT","OILIMPPRICE","TOT","USD_BAR","A","2014",103.81,
"AUT","OILIMPPRICE","TOT","USD_BAR","A","2015",55.52,
"AUT","OILIMPPRICE","TOT","USD_BAR","A","2016",42.89,
"AUT","OILIMPPRICE","TOT","USD_BAR","A","2017",54.73,
"BEL","OILIMPPRICE","TOT","USD_BAR","A","1980",29.93,
"BEL","OILIMPPRICE","TOT","USD_BAR","A","1981",33.86,
"BEL","OILIMPPRICE","TOT","USD_BAR","A","1982",33.58,
"BEL","OILIMPPRICE","TOT","USD_BAR","A","1983",29.8,
"BEL","OILIMPPRICE","TOT","USD_BAR","A","1984",28.99,
"BEL","OILIMPPRICE","TOT","USD_BAR","A","1985",27.47,
"BEL","OILIMPPRICE","TOT","USD_BAR","A","1986",14.19,
"BEL","OILIMPPRICE","TOT","USD_BAR","A","1987",17.78,
"BEL","OILIMPPRICE","TOT","USD_BAR","A","1988",14.85,
"BEL","OILIMPPRICE","TOT","USD_BAR","A","1989",17.3,
"BEL","OILIMPPRICE","TOT","USD_BAR","A","1990",21.11,
"BEL","OILIMPPRICE","TOT","USD_BAR","A","1991",19.36,
"BEL","OILIMPPRICE","TOT","USD_BAR","A","1992",18.13,
"BEL","OILIMPPRICE","TOT","USD_BAR","A","1993",15.84,
"BEL","OILIMPPRICE","TOT","USD_BAR","A","1994",15.41,
"BEL","OILIMPPRICE","TOT","USD_BAR","A","1995",16.94,
"BEL","OILIMPPRICE","TOT","USD_BAR","A","1996",20.53,
"BEL","OILIMPPRICE","TOT","USD_BAR","A","1997",18.65,
"BEL","OILIMPPRICE","TOT","USD_BAR","A","1998",11.97,
"BEL","OILIMPPRICE","TOT","USD_BAR","A","1999",17.33,
"BEL","OILIMPPRICE","TOT","USD_BAR","A","2000",27.87,
"BEL","OILIMPPRICE","TOT","USD_BAR","A","2001",24.2,
"BEL","OILIMPPRICE","TOT","USD_BAR","A","2002",24.35,
"BEL","OILIMPPRICE","TOT","USD_BAR","A","2003",27.72,
"BEL","OILIMPPRICE","TOT","USD_BAR","A","2004",35.35,
"BEL","OILIMPPRICE","TOT","USD_BAR","A","2005",50.06,
"BEL","OILIMPPRICE","TOT","USD_BAR","A","2006",61.06,
"BEL","OILIMPPRICE","TOT","USD_BAR","A","2007",70.35,
"BEL","OILIMPPRICE","TOT","USD_BAR","A","2008",96.01,
"BEL","OILIMPPRICE","TOT","USD_BAR","A","2009",61.77,
"BEL","OILIMPPRICE","TOT","USD_BAR","A","2010",79.65,
"BEL","OILIMPPRICE","TOT","USD_BAR","A","2011",110.5,
"BEL","OILIMPPRICE","TOT","USD_BAR","A","2012",110.83,
"BEL","OILIMPPRICE","TOT","USD_BAR","A","2013",108.45,
"BEL","OILIMPPRICE","TOT","USD_BAR","A","2014",98.49,
"BEL","OILIMPPRICE","TOT","USD_BAR","A","2015",51.65,
"BEL","OILIMPPRICE","TOT","USD_BAR","A","2016",42.06,
"BEL","OILIMPPRICE","TOT","USD_BAR","A","2017",53.01,
"CAN","OILIMPPRICE","TOT","USD_BAR","A","1980",30.21,
"CAN","OILIMPPRICE","TOT","USD_BAR","A","1981",35.28,
"CAN","OILIMPPRICE","TOT","USD_BAR","A","1982",33.29,
"CAN","OILIMPPRICE","TOT","USD_BAR","A","1983",29.49,
"CAN","OILIMPPRICE","TOT","USD_BAR","A","1984",28.75,
"CAN","OILIMPPRICE","TOT","USD_BAR","A","1985",27.85,
"CAN","OILIMPPRICE","TOT","USD_BAR","A","1986",16,
"CAN","OILIMPPRICE","TOT","USD_BAR","A","1987",18.59,
"CAN","OILIMPPRICE","TOT","USD_BAR","A","1988",15.48,
"CAN","OILIMPPRICE","TOT","USD_BAR","A","1989",18.56,
"CAN","OILIMPPRICE","TOT","USD_BAR","A","1990",24.15,
"CAN","OILIMPPRICE","TOT","USD_BAR","A","1991",20.83,
"CAN","OILIMPPRICE","TOT","USD_BAR","A","1992",19.46,
"CAN","OILIMPPRICE","TOT","USD_BAR","A","1993",17.19,
"CAN","OILIMPPRICE","TOT","USD_BAR","A","1994",16.3,
"CAN","OILIMPPRICE","TOT","USD_BAR","A","1995",17.76,
"CAN","OILIMPPRICE","TOT","USD_BAR","A","1996",21.26,
"CAN","OILIMPPRICE","TOT","USD_BAR","A","1997",20.59,
"CAN","OILIMPPRICE","TOT","USD_BAR","A","1998",13.15,
"CAN","OILIMPPRICE","TOT","USD_BAR","A","1999",17.85,
"CAN","OILIMPPRICE","TOT","USD_BAR","A","2000",29.1,
"CAN","OILIMPPRICE","TOT","USD_BAR","A","2001",24.87,
"CAN","OILIMPPRICE","TOT","USD_BAR","A","2002",24.97,
"CAN","OILIMPPRICE","TOT","USD_BAR","A","2003",29.53,
"CAN","OILIMPPRICE","TOT","USD_BAR","A","2004",38.13,
"CAN","OILIMPPRICE","TOT","USD_BAR","A","2005",52.37,
"CAN","OILIMPPRICE","TOT","USD_BAR","A","2006",64.33,
"CAN","OILIMPPRICE","TOT","USD_BAR","A","2007",70.04,
"CAN","OILIMPPRICE","TOT","USD_BAR","A","2008",101.41,
"CAN","OILIMPPRICE","TOT","USD_BAR","A","2009",60.29,
"CAN","OILIMPPRICE","TOT","USD_BAR","A","2010",79.14,
"CAN","OILIMPPRICE","TOT","USD_BAR","A","2011",110.8,
"CAN","OILIMPPRICE","TOT","USD_BAR","A","2012",110.61,
"CAN","OILIMPPRICE","TOT","USD_BAR","A","2013",108.6,
"CAN","OILIMPPRICE","TOT","USD_BAR","A","2014",98.6,
"CAN","OILIMPPRICE","TOT","USD_BAR","A","2015",53.48,
"CAN","OILIMPPRICE","TOT","USD_BAR","A","2016",43.6,
"CAN","OILIMPPRICE","TOT","USD_BAR","A","2017",54.3,
"CZE","OILIMPPRICE","TOT","USD_BAR","A","1980",,"L"
"CZE","OILIMPPRICE","TOT","USD_BAR","A","1981",,"L"
"CZE","OILIMPPRICE","TOT","USD_BAR","A","1982",,"L"
"CZE","OILIMPPRICE","TOT","USD_BAR","A","1983",,"L"
"CZE","OILIMPPRICE","TOT","USD_BAR","A","1984",,"L"
"CZE","OILIMPPRICE","TOT","USD_BAR","A","1985",,"L"
"CZE","OILIMPPRICE","TOT","USD_BAR","A","1986",,"L"
"CZE","OILIMPPRICE","TOT","USD_BAR","A","1987",,"L"
"CZE","OILIMPPRICE","TOT","USD_BAR","A","1988",,"L"
"CZE","OILIMPPRICE","TOT","USD_BAR","A","1989",,"L"
"CZE","OILIMPPRICE","TOT","USD_BAR","A","1990",,"L"
"CZE","OILIMPPRICE","TOT","USD_BAR","A","1991",,"L"
"CZE","OILIMPPRICE","TOT","USD_BAR","A","1992",17.75,
"CZE","OILIMPPRICE","TOT","USD_BAR","A","1993",14.83,
"CZE","OILIMPPRICE","TOT","USD_BAR","A","1994",14.32,
"CZE","OILIMPPRICE","TOT","USD_BAR","A","1995",15.6,
"CZE","OILIMPPRICE","TOT","USD_BAR","A","1996",,"L"
"CZE","OILIMPPRICE","TOT","USD_BAR","A","1997",,"L"
"CZE","OILIMPPRICE","TOT","USD_BAR","A","1998",,"L"
"CZE","OILIMPPRICE","TOT","USD_BAR","A","1999",,"L"
"CZE","OILIMPPRICE","TOT","USD_BAR","A","2000",26.59,
"CZE","OILIMPPRICE","TOT","USD_BAR","A","2001",23.74,
"CZE","OILIMPPRICE","TOT","USD_BAR","A","2002",23.37,
"CZE","OILIMPPRICE","TOT","USD_BAR","A","2003",28.13,
"CZE","OILIMPPRICE","TOT","USD_BAR","A","2004",34.82,
"CZE","OILIMPPRICE","TOT","USD_BAR","A","2005",51.28,
"CZE","OILIMPPRICE","TOT","USD_BAR","A","2006",62.05,
"CZE","OILIMPPRICE","TOT","USD_BAR","A","2007",68.54,
"CZE","OILIMPPRICE","TOT","USD_BAR","A","2008",97.71,
"CZE","OILIMPPRICE","TOT","USD_BAR","A","2009",60.77,
"CZE","OILIMPPRICE","TOT","USD_BAR","A","2010",79.04,
"CZE","OILIMPPRICE","TOT","USD_BAR","A","2011",110.42,
"CZE","OILIMPPRICE","TOT","USD_BAR","A","2012",112.33,
"CZE","OILIMPPRICE","TOT","USD_BAR","A","2013",110.26,
"CZE","OILIMPPRICE","TOT","USD_BAR","A","2014",102.13,
"CZE","OILIMPPRICE","TOT","USD_BAR","A","2015",54.91,
"CZE","OILIMPPRICE","TOT","USD_BAR","A","2016",42.8,
"CZE","OILIMPPRICE","TOT","USD_BAR","A","2017",53.69,
"DNK","OILIMPPRICE","TOT","USD_BAR","A","1980",33.56,
"DNK","OILIMPPRICE","TOT","USD_BAR","A","1981",36.68,
"DNK","OILIMPPRICE","TOT","USD_BAR","A","1982",33.4,
"DNK","OILIMPPRICE","TOT","USD_BAR","A","1983",29.9,
"DNK","OILIMPPRICE","TOT","USD_BAR","A","1984",29,
"DNK","OILIMPPRICE","TOT","USD_BAR","A","1985",28.3,
"DNK","OILIMPPRICE","TOT","USD_BAR","A","1986",15.83,
"DNK","OILIMPPRICE","TOT","USD_BAR","A","1987",17.84,
"DNK","OILIMPPRICE","TOT","USD_BAR","A","1988",14.82,
"DNK","OILIMPPRICE","TOT","USD_BAR","A","1989",17.16,
"DNK","OILIMPPRICE","TOT","USD_BAR","A","1990",23.18,
"DNK","OILIMPPRICE","TOT","USD_BAR","A","1991",20.68,
"DNK","OILIMPPRICE","TOT","USD_BAR","A","1992",19.55,
"DNK","OILIMPPRICE","TOT","USD_BAR","A","1993",17.17,
"DNK","OILIMPPRICE","TOT","USD_BAR","A","1994",16.12,
"DNK","OILIMPPRICE","TOT","USD_BAR","A","1995",17.49,
"DNK","OILIMPPRICE","TOT","USD_BAR","A","1996",21.25,
"DNK","OILIMPPRICE","TOT","USD_BAR","A","1997",20.15,
"DNK","OILIMPPRICE","TOT","USD_BAR","A","1998",13.49,
"DNK","OILIMPPRICE","TOT","USD_BAR","A","1999",17.71,
"DNK","OILIMPPRICE","TOT","USD_BAR","A","2000",29.66,
"DNK","OILIMPPRICE","TOT","USD_BAR","A","2001",24.82,
"DNK","OILIMPPRICE","TOT","USD_BAR","A","2002",24.88,
"DNK","OILIMPPRICE","TOT","USD_BAR","A","2003",29.68,
"DNK","OILIMPPRICE","TOT","USD_BAR","A","2004",38.78,
"DNK","OILIMPPRICE","TOT","USD_BAR","A","2005",54.4,
"DNK","OILIMPPRICE","TOT","USD_BAR","A","2006",66.92,
"DNK","OILIMPPRICE","TOT","USD_BAR","A","2007",74.94,
"DNK","OILIMPPRICE","TOT","USD_BAR","A","2008",96.48,
"DNK","OILIMPPRICE","TOT","USD_BAR","A","2009",62.87,
"DNK","OILIMPPRICE","TOT","USD_BAR","A","2010",80.4,
"DNK","OILIMPPRICE","TOT","USD_BAR","A","2011",112.77,
"DNK","OILIMPPRICE","TOT","USD_BAR","A","2012",107.9,
"DNK","OILIMPPRICE","TOT","USD_BAR","A","2013",107.25,
"DNK","OILIMPPRICE","TOT","USD_BAR","A","2014",100.19,
"DNK","OILIMPPRICE","TOT","USD_BAR","A","2015",52.43,
"DNK","OILIMPPRICE","TOT","USD_BAR","A","2016",44.69,
"DNK","OILIMPPRICE","TOT","USD_BAR","A","2017",55.4,
"FIN","OILIMPPRICE","TOT","USD_BAR","A","1980",,"L"
"FIN","OILIMPPRICE","TOT","USD_BAR","A","1981",,"L"
"FIN","OILIMPPRICE","TOT","USD_BAR","A","1982",,"L"
"FIN","OILIMPPRICE","TOT","USD_BAR","A","1983",,"L"
"FIN","OILIMPPRICE","TOT","USD_BAR","A","1984",,"L"
"FIN","OILIMPPRICE","TOT","USD_BAR","A","1985",,"L"
"FIN","OILIMPPRICE","TOT","USD_BAR","A","1986",,"L"
"FIN","OILIMPPRICE","TOT","USD_BAR","A","1987",,"L"
"FIN","OILIMPPRICE","TOT","USD_BAR","A","1988",,"L"
"FIN","OILIMPPRICE","TOT","USD_BAR","A","1989",,"L"
"FIN","OILIMPPRICE","TOT","USD_BAR","A","1990",,"L"
"FIN","OILIMPPRICE","TOT","USD_BAR","A","1991",,"L"
"FIN","OILIMPPRICE","TOT","USD_BAR","A","1992",20.29,
"FIN","OILIMPPRICE","TOT","USD_BAR","A","1993",17.86,
"FIN","OILIMPPRICE","TOT","USD_BAR","A","1994",16.78,
"FIN","OILIMPPRICE","TOT","USD_BAR","A","1995",17.83,
"FIN","OILIMPPRICE","TOT","USD_BAR","A","1996",21.69,
"FIN","OILIMPPRICE","TOT","USD_BAR","A","1997",19.44,
"FIN","OILIMPPRICE","TOT","USD_BAR","A","1998",12.8,
"FIN","OILIMPPRICE","TOT","USD_BAR","A","1999",18.31,
"FIN","OILIMPPRICE","TOT","USD_BAR","A","2000",28.13,
"FIN","OILIMPPRICE","TOT","USD_BAR","A","2001",23.49,
"FIN","OILIMPPRICE","TOT","USD_BAR","A","2002",24.51,
"FIN","OILIMPPRICE","TOT","USD_BAR","A","2003",27.72,
"FIN","OILIMPPRICE","TOT","USD_BAR","A","2004",36.09,
"FIN","OILIMPPRICE","TOT","USD_BAR","A","2005",51.12,
"FIN","OILIMPPRICE","TOT","USD_BAR","A","2006",63.37,
"FIN","OILIMPPRICE","TOT","USD_BAR","A","2007",70.48,
"FIN","OILIMPPRICE","TOT","USD_BAR","A","2008",94.79,
"FIN","OILIMPPRICE","TOT","USD_BAR","A","2009",61.01,
"FIN","OILIMPPRICE","TOT","USD_BAR","A","2010",79.1,
"FIN","OILIMPPRICE","TOT","USD_BAR","A","2011",109.23,
"FIN","OILIMPPRICE","TOT","USD_BAR","A","2012",110.47,
"FIN","OILIMPPRICE","TOT","USD_BAR","A","2013",107.57,
"FIN","OILIMPPRICE","TOT","USD_BAR","A","2014",97.53,
"FIN","OILIMPPRICE","TOT","USD_BAR","A","2015",49.28,
"FIN","OILIMPPRICE","TOT","USD_BAR","A","2016",42.19,
"FIN","OILIMPPRICE","TOT","USD_BAR","A","2017",53.04,
"FRA","OILIMPPRICE","TOT","USD_BAR","A","1980",,"L"
"FRA","OILIMPPRICE","TOT","USD_BAR","A","1981",,"L"
"FRA","OILIMPPRICE","TOT","USD_BAR","A","1982",,"L"
"FRA","OILIMPPRICE","TOT","USD_BAR","A","1983",,"L"
"FRA","OILIMPPRICE","TOT","USD_BAR","A","1984",,"L"
"FRA","OILIMPPRICE","TOT","USD_BAR","A","1985",,"L"
"FRA","OILIMPPRICE","TOT","USD_BAR","A","1986",,"L"
"FRA","OILIMPPRICE","TOT","USD_BAR","A","1987",,"L"
"FRA","OILIMPPRICE","TOT","USD_BAR","A","1988",,"L"
"FRA","OILIMPPRICE","TOT","USD_BAR","A","1989",,"L"
"FRA","OILIMPPRICE","TOT","USD_BAR","A","1990",,"L"
"FRA","OILIMPPRICE","TOT","USD_BAR","A","1991",,"L"
"FRA","OILIMPPRICE","TOT","USD_BAR","A","1992",18.94,
"FRA","OILIMPPRICE","TOT","USD_BAR","A","1993",16.05,
"FRA","OILIMPPRICE","TOT","USD_BAR","A","1994",15.76,
"FRA","OILIMPPRICE","TOT","USD_BAR","A","1995",17.14,
"FRA","OILIMPPRICE","TOT","USD_BAR","A","1996",20.82,
"FRA","OILIMPPRICE","TOT","USD_BAR","A","1997",18.99,
"FRA","OILIMPPRICE","TOT","USD_BAR","A","1998",12.43,
"FRA","OILIMPPRICE","TOT","USD_BAR","A","1999",17.45,
"FRA","OILIMPPRICE","TOT","USD_BAR","A","2000",28.18,
"FRA","OILIMPPRICE","TOT","USD_BAR","A","2001",24.13,
"FRA","OILIMPPRICE","TOT","USD_BAR","A","2002",24.63,
"FRA","OILIMPPRICE","TOT","USD_BAR","A","2003",28.87,
"FRA","OILIMPPRICE","TOT","USD_BAR","A","2004",37.61,
"FRA","OILIMPPRICE","TOT","USD_BAR","A","2005",52.74,
"FRA","OILIMPPRICE","TOT","USD_BAR","A","2006",63.69,
"FRA","OILIMPPRICE","TOT","USD_BAR","A","2007",72.22,
"FRA","OILIMPPRICE","TOT","USD_BAR","A","2008",97.63,
"FRA","OILIMPPRICE","TOT","USD_BAR","A","2009",61.64,
"FRA","OILIMPPRICE","TOT","USD_BAR","A","2010",79.78,
"FRA","OILIMPPRICE","TOT","USD_BAR","A","2011",111.78,
"FRA","OILIMPPRICE","TOT","USD_BAR","A","2012",112.01,
"FRA","OILIMPPRICE","TOT","USD_BAR","A","2013",109.56,
"FRA","OILIMPPRICE","TOT","USD_BAR","A","2014",99.4,
"FRA","OILIMPPRICE","TOT","USD_BAR","A","2015",53.14,
"FRA","OILIMPPRICE","TOT","USD_BAR","A","2016",43.48,
"FRA","OILIMPPRICE","TOT","USD_BAR","A","2017",54.47,
"DEU","OILIMPPRICE","TOT","USD_BAR","A","1980",33.96,
"DEU","OILIMPPRICE","TOT","USD_BAR","A","1981",37.09,
"DEU","OILIMPPRICE","TOT","USD_BAR","A","1982",34.02,
"DEU","OILIMPPRICE","TOT","USD_BAR","A","1983",30.23,
"DEU","OILIMPPRICE","TOT","USD_BAR","A","1984",29.31,
"DEU","OILIMPPRICE","TOT","USD_BAR","A","1985",27.93,
"DEU","OILIMPPRICE","TOT","USD_BAR","A","1986",14.88,
"DEU","OILIMPPRICE","TOT","USD_BAR","A","1987",18.32,
"DEU","OILIMPPRICE","TOT","USD_BAR","A","1988",15.26,
"DEU","OILIMPPRICE","TOT","USD_BAR","A","1989",18.23,
"DEU","OILIMPPRICE","TOT","USD_BAR","A","1990",23.17,
"DEU","OILIMPPRICE","TOT","USD_BAR","A","1991",20.36,
"DEU","OILIMPPRICE","TOT","USD_BAR","A","1992",19.13,
"DEU","OILIMPPRICE","TOT","USD_BAR","A","1993",16.88,
"DEU","OILIMPPRICE","TOT","USD_BAR","A","1994",15.81,
"DEU","OILIMPPRICE","TOT","USD_BAR","A","1995",17.07,
"DEU","OILIMPPRICE","TOT","USD_BAR","A","1996",20.68,
"DEU","OILIMPPRICE","TOT","USD_BAR","A","1997",19.01,
"DEU","OILIMPPRICE","TOT","USD_BAR","A","1998",12.48,
"DEU","OILIMPPRICE","TOT","USD_BAR","A","1999",17.51,
"DEU","OILIMPPRICE","TOT","USD_BAR","A","2000",28.09,
"DEU","OILIMPPRICE","TOT","USD_BAR","A","2001",24.15,
"DEU","OILIMPPRICE","TOT","USD_BAR","A","2002",24.4,
"DEU","OILIMPPRICE","TOT","USD_BAR","A","2003",28.44,
"DEU","OILIMPPRICE","TOT","USD_BAR","A","2004",36.65,
"DEU","OILIMPPRICE","TOT","USD_BAR","A","2005",52.3,
"DEU","OILIMPPRICE","TOT","USD_BAR","A","2006",63.29,
"DEU","OILIMPPRICE","TOT","USD_BAR","A","2007",71.6,
"DEU","OILIMPPRICE","TOT","USD_BAR","A","2008",96.7,
"DEU","OILIMPPRICE","TOT","USD_BAR","A","2009",61.18,
"DEU","OILIMPPRICE","TOT","USD_BAR","A","2010",78.49,
"DEU","OILIMPPRICE","TOT","USD_BAR","A","2011",110.63,
"DEU","OILIMPPRICE","TOT","USD_BAR","A","2012",112.21,
"DEU","OILIMPPRICE","TOT","USD_BAR","A","2013",109.62,
"DEU","OILIMPPRICE","TOT","USD_BAR","A","2014",99.76,
"DEU","OILIMPPRICE","TOT","USD_BAR","A","2015",52.65,
"DEU","OILIMPPRICE","TOT","USD_BAR","A","2016",42.8,
"DEU","OILIMPPRICE","TOT","USD_BAR","A","2017",54.02,
"GRC","OILIMPPRICE","TOT","USD_BAR","A","1980",31.81,
"GRC","OILIMPPRICE","TOT","USD_BAR","A","1981",36.5,
"GRC","OILIMPPRICE","TOT","USD_BAR","A","1982",34.64,
"GRC","OILIMPPRICE","TOT","USD_BAR","A","1983",30.03,
"GRC","OILIMPPRICE","TOT","USD_BAR","A","1984",29.11,
"GRC","OILIMPPRICE","TOT","USD_BAR","A","1985",27.98,
"GRC","OILIMPPRICE","TOT","USD_BAR","A","1986",12.82,
"GRC","OILIMPPRICE","TOT","USD_BAR","A","1987",17.85,
"GRC","OILIMPPRICE","TOT","USD_BAR","A","1988",14.54,
"GRC","OILIMPPRICE","TOT","USD_BAR","A","1989",17.13,
"GRC","OILIMPPRICE","TOT","USD_BAR","A","1990",22.42,
"GRC","OILIMPPRICE","TOT","USD_BAR","A","1991",18.39,
"GRC","OILIMPPRICE","TOT","USD_BAR","A","1992",17.63,
"GRC","OILIMPPRICE","TOT","USD_BAR","A","1993",15.09,
"GRC","OILIMPPRICE","TOT","USD_BAR","A","1994",15.17,
"GRC","OILIMPPRICE","TOT","USD_BAR","A","1995",16.54,
"GRC","OILIMPPRICE","TOT","USD_BAR","A","1996",20.08,
"GRC","OILIMPPRICE","TOT","USD_BAR","A","1997",18.45,
"GRC","OILIMPPRICE","TOT","USD_BAR","A","1998",11.66,
"GRC","OILIMPPRICE","TOT","USD_BAR","A","1999",16.64,
"GRC","OILIMPPRICE","TOT","USD_BAR","A","2000",26.95,
"GRC","OILIMPPRICE","TOT","USD_BAR","A","2001",23.22,
"GRC","OILIMPPRICE","TOT","USD_BAR","A","2002",24.08,
"GRC","OILIMPPRICE","TOT","USD_BAR","A","2003",27.17,
"GRC","OILIMPPRICE","TOT","USD_BAR","A","2004",34.53,
"GRC","OILIMPPRICE","TOT","USD_BAR","A","2005",50.33,
"GRC","OILIMPPRICE","TOT","USD_BAR","A","2006",60.97,
"GRC","OILIMPPRICE","TOT","USD_BAR","A","2007",69.93,
"GRC","OILIMPPRICE","TOT","USD_BAR","A","2008",93.6,
"GRC","OILIMPPRICE","TOT","USD_BAR","A","2009",60.1,
"GRC","OILIMPPRICE","TOT","USD_BAR","A","2010",78.97,
"GRC","OILIMPPRICE","TOT","USD_BAR","A","2011",109.41,
"GRC","OILIMPPRICE","TOT","USD_BAR","A","2012",111.92,
"GRC","OILIMPPRICE","TOT","USD_BAR","A","2013",107.61,
"GRC","OILIMPPRICE","TOT","USD_BAR","A","2014",95.55,
"GRC","OILIMPPRICE","TOT","USD_BAR","A","2015",49.32,
"GRC","OILIMPPRICE","TOT","USD_BAR","A","2016",40.08,
"GRC","OILIMPPRICE","TOT","USD_BAR","A","2017",50.81,
"IRL","OILIMPPRICE","TOT","USD_BAR","A","1980",31.15,
"IRL","OILIMPPRICE","TOT","USD_BAR","A","1981",36.33,
"IRL","OILIMPPRICE","TOT","USD_BAR","A","1982",33.32,
"IRL","OILIMPPRICE","TOT","USD_BAR","A","1983",30.78,
"IRL","OILIMPPRICE","TOT","USD_BAR","A","1984",29.7,
"IRL","OILIMPPRICE","TOT","USD_BAR","A","1985",27.65,
"IRL","OILIMPPRICE","TOT","USD_BAR","A","1986",15.08,
"IRL","OILIMPPRICE","TOT","USD_BAR","A","1987",18.72,
"IRL","OILIMPPRICE","TOT","USD_BAR","A","1988",15.26,
"IRL","OILIMPPRICE","TOT","USD_BAR","A","1989",18.63,
"IRL","OILIMPPRICE","TOT","USD_BAR","A","1990",25.55,
"IRL","OILIMPPRICE","TOT","USD_BAR","A","1991",21.39,
"IRL","OILIMPPRICE","TOT","USD_BAR","A","1992",19.95,
"IRL","OILIMPPRICE","TOT","USD_BAR","A","1993",17.49,
"IRL","OILIMPPRICE","TOT","USD_BAR","A","1994",15.76,
"IRL","OILIMPPRICE","TOT","USD_BAR","A","1995",17.65,
"IRL","OILIMPPRICE","TOT","USD_BAR","A","1996",21.19,
"IRL","OILIMPPRICE","TOT","USD_BAR","A","1997",19.99,
"IRL","OILIMPPRICE","TOT","USD_BAR","A","1998",13.55,
"IRL","OILIMPPRICE","TOT","USD_BAR","A","1999",17.14,
"IRL","OILIMPPRICE","TOT","USD_BAR","A","2000",29.88,
"IRL","OILIMPPRICE","TOT","USD_BAR","A","2001",25.31,
"IRL","OILIMPPRICE","TOT","USD_BAR","A","2002",25.52,
"IRL","OILIMPPRICE","TOT","USD_BAR","A","2003",29.66,
"IRL","OILIMPPRICE","TOT","USD_BAR","A","2004",39.24,
"IRL","OILIMPPRICE","TOT","USD_BAR","A","2005",55.24,
"IRL","OILIMPPRICE","TOT","USD_BAR","A","2006",66.38,
"IRL","OILIMPPRICE","TOT","USD_BAR","A","2007",74.16,
"IRL","OILIMPPRICE","TOT","USD_BAR","A","2008",100.39,
"IRL","OILIMPPRICE","TOT","USD_BAR","A","2009",62.61,
"IRL","OILIMPPRICE","TOT","USD_BAR","A","2010",80.95,
"IRL","OILIMPPRICE","TOT","USD_BAR","A","2011",113.92,
"IRL","OILIMPPRICE","TOT","USD_BAR","A","2012",115.64,
"IRL","OILIMPPRICE","TOT","USD_BAR","A","2013",110.46,
"IRL","OILIMPPRICE","TOT","USD_BAR","A","2014",99.87,
"IRL","OILIMPPRICE","TOT","USD_BAR","A","2015",53.54,
"IRL","OILIMPPRICE","TOT","USD_BAR","A","2016",45.03,
"IRL","OILIMPPRICE","TOT","USD_BAR","A","2017",55.01,
"ITA","OILIMPPRICE","TOT","USD_BAR","A","1980",31.84,
"ITA","OILIMPPRICE","TOT","USD_BAR","A","1981",36.19,
"ITA","OILIMPPRICE","TOT","USD_BAR","A","1982",33.07,
"ITA","OILIMPPRICE","TOT","USD_BAR","A","1983",29.49,
"ITA","OILIMPPRICE","TOT","USD_BAR","A","1984",28.63,
"ITA","OILIMPPRICE","TOT","USD_BAR","A","1985",27.38,
"ITA","OILIMPPRICE","TOT","USD_BAR","A","1986",13.83,
"ITA","OILIMPPRICE","TOT","USD_BAR","A","1987",17.78,
"ITA","OILIMPPRICE","TOT","USD_BAR","A","1988",14.86,
"ITA","OILIMPPRICE","TOT","USD_BAR","A","1989",17.48,
"ITA","OILIMPPRICE","TOT","USD_BAR","A","1990",23.23,
"ITA","OILIMPPRICE","TOT","USD_BAR","A","1991",19.14,
"ITA","OILIMPPRICE","TOT","USD_BAR","A","1992",18.3,
"ITA","OILIMPPRICE","TOT","USD_BAR","A","1993",15.87,
"ITA","OILIMPPRICE","TOT","USD_BAR","A","1994",15.49,
"ITA","OILIMPPRICE","TOT","USD_BAR","A","1995",16.9,
"ITA","OILIMPPRICE","TOT","USD_BAR","A","1996",20.53,
"ITA","OILIMPPRICE","TOT","USD_BAR","A","1997",18.88,
"ITA","OILIMPPRICE","TOT","USD_BAR","A","1998",12.21,
"ITA","OILIMPPRICE","TOT","USD_BAR","A","1999",17.1,
"ITA","OILIMPPRICE","TOT","USD_BAR","A","2000",27.77,
"ITA","OILIMPPRICE","TOT","USD_BAR","A","2001",23.87,
"ITA","OILIMPPRICE","TOT","USD_BAR","A","2002",24.34,
"ITA","OILIMPPRICE","TOT","USD_BAR","A","2003",28.58,
"ITA","OILIMPPRICE","TOT","USD_BAR","A","2004",36.6,
"ITA","OILIMPPRICE","TOT","USD_BAR","A","2005",51.33,
"ITA","OILIMPPRICE","TOT","USD_BAR","A","2006",62.5,
"ITA","OILIMPPRICE","TOT","USD_BAR","A","2007",70.2,
"ITA","OILIMPPRICE","TOT","USD_BAR","A","2008",96.67,
"ITA","OILIMPPRICE","TOT","USD_BAR","A","2009",60.69,
"ITA","OILIMPPRICE","TOT","USD_BAR","A","2010",79.29,
"ITA","OILIMPPRICE","TOT","USD_BAR","A","2011",110.23,
"ITA","OILIMPPRICE","TOT","USD_BAR","A","2012",112.18,
"ITA","OILIMPPRICE","TOT","USD_BAR","A","2013",109.98,
"ITA","OILIMPPRICE","TOT","USD_BAR","A","2014",99.09,
"ITA","OILIMPPRICE","TOT","USD_BAR","A","2015",52.06,
"ITA","OILIMPPRICE","TOT","USD_BAR","A","2016",42.33,
"ITA","OILIMPPRICE","TOT","USD_BAR","A","2017",53.17,
"JPN","OILIMPPRICE","TOT","USD_BAR","A","1980",33.11,
"JPN","OILIMPPRICE","TOT","USD_BAR","A","1981",35.92,
"JPN","OILIMPPRICE","TOT","USD_BAR","A","1982",34.57,
"JPN","OILIMPPRICE","TOT","USD_BAR","A","1983",30.47,
"JPN","OILIMPPRICE","TOT","USD_BAR","A","1984",29.35,
"JPN","OILIMPPRICE","TOT","USD_BAR","A","1985",27.9,
"JPN","OILIMPPRICE","TOT","USD_BAR","A","1986",16.08,
"JPN","OILIMPPRICE","TOT","USD_BAR","A","1987",17.99,
"JPN","OILIMPPRICE","TOT","USD_BAR","A","1988",15.47,
"JPN","OILIMPPRICE","TOT","USD_BAR","A","1989",16.91,
"JPN","OILIMPPRICE","TOT","USD_BAR","A","1990",22.64,
"JPN","OILIMPPRICE","TOT","USD_BAR","A","1991",20.14,
"JPN","OILIMPPRICE","TOT","USD_BAR","A","1992",19.3,
"JPN","OILIMPPRICE","TOT","USD_BAR","A","1993",17.47,
"JPN","OILIMPPRICE","TOT","USD_BAR","A","1994",16.48,
"JPN","OILIMPPRICE","TOT","USD_BAR","A","1995",18.02,
"JPN","OILIMPPRICE","TOT","USD_BAR","A","1996",20.55,
"JPN","OILIMPPRICE","TOT","USD_BAR","A","1997",20.55,
"JPN","OILIMPPRICE","TOT","USD_BAR","A","1998",13.68,
"JPN","OILIMPPRICE","TOT","USD_BAR","A","1999",17.38,
"JPN","OILIMPPRICE","TOT","USD_BAR","A","2000",28.72,
"JPN","OILIMPPRICE","TOT","USD_BAR","A","2001",25.01,
"JPN","OILIMPPRICE","TOT","USD_BAR","A","2002",24.96,
"JPN","OILIMPPRICE","TOT","USD_BAR","A","2003",29.26,
"JPN","OILIMPPRICE","TOT","USD_BAR","A","2004",36.59,
"JPN","OILIMPPRICE","TOT","USD_BAR","A","2005",51.57,
"JPN","OILIMPPRICE","TOT","USD_BAR","A","2006",64.03,
"JPN","OILIMPPRICE","TOT","USD_BAR","A","2007",70.09,
"JPN","OILIMPPRICE","TOT","USD_BAR","A","2008",100.98,
"JPN","OILIMPPRICE","TOT","USD_BAR","A","2009",61.29,
"JPN","OILIMPPRICE","TOT","USD_BAR","A","2010",79.43,
"JPN","OILIMPPRICE","TOT","USD_BAR","A","2011",109.3,
"JPN","OILIMPPRICE","TOT","USD_BAR","A","2012",114.75,
"JPN","OILIMPPRICE","TOT","USD_BAR","A","2013",110.61,
"JPN","OILIMPPRICE","TOT","USD_BAR","A","2014",104.16,
"JPN","OILIMPPRICE","TOT","USD_BAR","A","2015",54.2,
"JPN","OILIMPPRICE","TOT","USD_BAR","A","2016",41.79,
"JPN","OILIMPPRICE","TOT","USD_BAR","A","2017",54.42,
"KOR","OILIMPPRICE","TOT","USD_BAR","A","1980",,"L"
"KOR","OILIMPPRICE","TOT","USD_BAR","A","1981",,"L"
"KOR","OILIMPPRICE","TOT","USD_BAR","A","1982",,"L"
"KOR","OILIMPPRICE","TOT","USD_BAR","A","1983",,"L"
"KOR","OILIMPPRICE","TOT","USD_BAR","A","1984",,"L"
"KOR","OILIMPPRICE","TOT","USD_BAR","A","1985",,"L"
"KOR","OILIMPPRICE","TOT","USD_BAR","A","1986",,"L"
"KOR","OILIMPPRICE","TOT","USD_BAR","A","1987",,"L"
"KOR","OILIMPPRICE","TOT","USD_BAR","A","1988",,"L"
"KOR","OILIMPPRICE","TOT","USD_BAR","A","1989",,"L"
"KOR","OILIMPPRICE","TOT","USD_BAR","A","1990",,"L"
"KOR","OILIMPPRICE","TOT","USD_BAR","A","1991",,"L"
"KOR","OILIMPPRICE","TOT","USD_BAR","A","1992",,"L"
"KOR","OILIMPPRICE","TOT","USD_BAR","A","1993",,"L"
"KOR","OILIMPPRICE","TOT","USD_BAR","A","1994",,"L"
"KOR","OILIMPPRICE","TOT","USD_BAR","A","1995",17.32,
"KOR","OILIMPPRICE","TOT","USD_BAR","A","1996",20.11,
"KOR","OILIMPPRICE","TOT","USD_BAR","A","1997",20.34,
"KOR","OILIMPPRICE","TOT","USD_BAR","A","1998",13.72,
"KOR","OILIMPPRICE","TOT","USD_BAR","A","1999",16.91,
"KOR","OILIMPPRICE","TOT","USD_BAR","A","2000",28.22,
"KOR","OILIMPPRICE","TOT","USD_BAR","A","2001",24.87,
"KOR","OILIMPPRICE","TOT","USD_BAR","A","2002",24.12,
"KOR","OILIMPPRICE","TOT","USD_BAR","A","2003",28.8,
"KOR","OILIMPPRICE","TOT","USD_BAR","A","2004",36.15,
"KOR","OILIMPPRICE","TOT","USD_BAR","A","2005",50.19,
"KOR","OILIMPPRICE","TOT","USD_BAR","A","2006",62.82,
"KOR","OILIMPPRICE","TOT","USD_BAR","A","2007",70.01,
"KOR","OILIMPPRICE","TOT","USD_BAR","A","2008",98.11,
"KOR","OILIMPPRICE","TOT","USD_BAR","A","2009",61.12,
"KOR","OILIMPPRICE","TOT","USD_BAR","A","2010",78.72,
"KOR","OILIMPPRICE","TOT","USD_BAR","A","2011",108.63,
"KOR","OILIMPPRICE","TOT","USD_BAR","A","2012",113.24,
"KOR","OILIMPPRICE","TOT","USD_BAR","A","2013",108.59,
"KOR","OILIMPPRICE","TOT","USD_BAR","A","2014",101.24,
"KOR","OILIMPPRICE","TOT","USD_BAR","A","2015",53.32,
"KOR","OILIMPPRICE","TOT","USD_BAR","A","2016",41,
"KOR","OILIMPPRICE","TOT","USD_BAR","A","2017",53.47,
"NLD","OILIMPPRICE","TOT","USD_BAR","A","1980",32.8,
"NLD","OILIMPPRICE","TOT","USD_BAR","A","1981",36.49,
"NLD","OILIMPPRICE","TOT","USD_BAR","A","1982",33.84,
"NLD","OILIMPPRICE","TOT","USD_BAR","A","1983",30.1,
"NLD","OILIMPPRICE","TOT","USD_BAR","A","1984",28.8,
"NLD","OILIMPPRICE","TOT","USD_BAR","A","1985",27.62,
"NLD","OILIMPPRICE","TOT","USD_BAR","A","1986",14.38,
"NLD","OILIMPPRICE","TOT","USD_BAR","A","1987",17.6,
"NLD","OILIMPPRICE","TOT","USD_BAR","A","1988",14.58,
"NLD","OILIMPPRICE","TOT","USD_BAR","A","1989",17.56,
"NLD","OILIMPPRICE","TOT","USD_BAR","A","1990",21.83,
"NLD","OILIMPPRICE","TOT","USD_BAR","A","1991",18.86,
"NLD","OILIMPPRICE","TOT","USD_BAR","A","1992",18.13,
"NLD","OILIMPPRICE","TOT","USD_BAR","A","1993",15.53,
"NLD","OILIMPPRICE","TOT","USD_BAR","A","1994",15.2,
"NLD","OILIMPPRICE","TOT","USD_BAR","A","1995",16.92,
"NLD","OILIMPPRICE","TOT","USD_BAR","A","1996",20.39,
"NLD","OILIMPPRICE","TOT","USD_BAR","A","1997",18.37,
"NLD","OILIMPPRICE","TOT","USD_BAR","A","1998",11.98,
"NLD","OILIMPPRICE","TOT","USD_BAR","A","1999",16.97,
"NLD","OILIMPPRICE","TOT","USD_BAR","A","2000",27.59,
"NLD","OILIMPPRICE","TOT","USD_BAR","A","2001",23.48,
"NLD","OILIMPPRICE","TOT","USD_BAR","A","2002",23.99,
"NLD","OILIMPPRICE","TOT","USD_BAR","A","2003",27.67,
"NLD","OILIMPPRICE","TOT","USD_BAR","A","2004",35.02,
"NLD","OILIMPPRICE","TOT","USD_BAR","A","2005",50,
"NLD","OILIMPPRICE","TOT","USD_BAR","A","2006",61.47,
"NLD","OILIMPPRICE","TOT","USD_BAR","A","2007",68.74,
"NLD","OILIMPPRICE","TOT","USD_BAR","A","2008",97.89,
"NLD","OILIMPPRICE","TOT","USD_BAR","A","2009",60.54,
"NLD","OILIMPPRICE","TOT","USD_BAR","A","2010",78.55,
"NLD","OILIMPPRICE","TOT","USD_BAR","A","2011",109.19,
"NLD","OILIMPPRICE","TOT","USD_BAR","A","2012",111.54,
"NLD","OILIMPPRICE","TOT","USD_BAR","A","2013",108.55,
"NLD","OILIMPPRICE","TOT","USD_BAR","A","2014",99.22,
"NLD","OILIMPPRICE","TOT","USD_BAR","A","2015",51.66,
"NLD","OILIMPPRICE","TOT","USD_BAR","A","2016",41.62,
"NLD","OILIMPPRICE","TOT","USD_BAR","A","2017",52.63,
"NZL","OILIMPPRICE","TOT","USD_BAR","A","1980",32.77,
"NZL","OILIMPPRICE","TOT","USD_BAR","A","1981",37.42,
"NZL","OILIMPPRICE","TOT","USD_BAR","A","1982",36.71,
"NZL","OILIMPPRICE","TOT","USD_BAR","A","1983",31.14,
"NZL","OILIMPPRICE","TOT","USD_BAR","A","1984",29.15,
"NZL","OILIMPPRICE","TOT","USD_BAR","A","1985",27.66,
"NZL","OILIMPPRICE","TOT","USD_BAR","A","1986",16.94,
"NZL","OILIMPPRICE","TOT","USD_BAR","A","1987",17.91,
"NZL","OILIMPPRICE","TOT","USD_BAR","A","1988",15.25,
"NZL","OILIMPPRICE","TOT","USD_BAR","A","1989",17.29,
"NZL","OILIMPPRICE","TOT","USD_BAR","A","1990",21.97,
"NZL","OILIMPPRICE","TOT","USD_BAR","A","1991",20.57,
"NZL","OILIMPPRICE","TOT","USD_BAR","A","1992",19.41,
"NZL","OILIMPPRICE","TOT","USD_BAR","A","1993",17.32,
"NZL","OILIMPPRICE","TOT","USD_BAR","A","1994",16.93,
"NZL","OILIMPPRICE","TOT","USD_BAR","A","1995",18.73,
"NZL","OILIMPPRICE","TOT","USD_BAR","A","1996",21.86,
"NZL","OILIMPPRICE","TOT","USD_BAR","A","1997",21.65,
"NZL","OILIMPPRICE","TOT","USD_BAR","A","1998",14.63,
"NZL","OILIMPPRICE","TOT","USD_BAR","A","1999",18.16,
"NZL","OILIMPPRICE","TOT","USD_BAR","A","2000",29.95,
"NZL","OILIMPPRICE","TOT","USD_BAR","A","2001",26.14,
"NZL","OILIMPPRICE","TOT","USD_BAR","A","2002",25.89,
"NZL","OILIMPPRICE","TOT","USD_BAR","A","2003",31,
"NZL","OILIMPPRICE","TOT","USD_BAR","A","2004",41.71,
"NZL","OILIMPPRICE","TOT","USD_BAR","A","2005",56.07,
"NZL","OILIMPPRICE","TOT","USD_BAR","A","2006",67.36,
"NZL","OILIMPPRICE","TOT","USD_BAR","A","2007",73.84,
"NZL","OILIMPPRICE","TOT","USD_BAR","A","2008",105.8,
"NZL","OILIMPPRICE","TOT","USD_BAR","A","2009",65.85,
"NZL","OILIMPPRICE","TOT","USD_BAR","A","2010",80.62,
"NZL","OILIMPPRICE","TOT","USD_BAR","A","2011",112.38,
"NZL","OILIMPPRICE","TOT","USD_BAR","A","2012",117.7,
"NZL","OILIMPPRICE","TOT","USD_BAR","A","2013",113.43,
"NZL","OILIMPPRICE","TOT","USD_BAR","A","2014",105.96,
"NZL","OILIMPPRICE","TOT","USD_BAR","A","2015",57.99,
"NZL","OILIMPPRICE","TOT","USD_BAR","A","2016",44.91,
"NZL","OILIMPPRICE","TOT","USD_BAR","A","2017",55.91,
"NOR","OILIMPPRICE","TOT","USD_BAR","A","1980",33.17,
"NOR","OILIMPPRICE","TOT","USD_BAR","A","1981",36.26,
"NOR","OILIMPPRICE","TOT","USD_BAR","A","1982",33.64,
"NOR","OILIMPPRICE","TOT","USD_BAR","A","1983",29.13,
"NOR","OILIMPPRICE","TOT","USD_BAR","A","1984",28.62,
"NOR","OILIMPPRICE","TOT","USD_BAR","A","1985",27.57,
"NOR","OILIMPPRICE","TOT","USD_BAR","A","1986",14.3,
"NOR","OILIMPPRICE","TOT","USD_BAR","A","1987",18.55,
"NOR","OILIMPPRICE","TOT","USD_BAR","A","1988",13.89,
"NOR","OILIMPPRICE","TOT","USD_BAR","A","1989",17.82,
"NOR","OILIMPPRICE","TOT","USD_BAR","A","1990",18.46,
"NOR","OILIMPPRICE","TOT","USD_BAR","A","1991",19.78,
"NOR","OILIMPPRICE","TOT","USD_BAR","A","1992",19.07,
"NOR","OILIMPPRICE","TOT","USD_BAR","A","1993",16.11,
"NOR","OILIMPPRICE","TOT","USD_BAR","A","1994",14.44,
"NOR","OILIMPPRICE","TOT","USD_BAR","A","1995",16.41,
"NOR","OILIMPPRICE","TOT","USD_BAR","A","1996",21.62,
"NOR","OILIMPPRICE","TOT","USD_BAR","A","1997",16.71,
"NOR","OILIMPPRICE","TOT","USD_BAR","A","1998",12.23,
"NOR","OILIMPPRICE","TOT","USD_BAR","A","1999",17.46,
"NOR","OILIMPPRICE","TOT","USD_BAR","A","2000",28.91,
"NOR","OILIMPPRICE","TOT","USD_BAR","A","2001",23.43,
"NOR","OILIMPPRICE","TOT","USD_BAR","A","2002",24.46,
"NOR","OILIMPPRICE","TOT","USD_BAR","A","2003",30.41,
"NOR","OILIMPPRICE","TOT","USD_BAR","A","2004",39.2,
"NOR","OILIMPPRICE","TOT","USD_BAR","A","2005",53.08,
"NOR","OILIMPPRICE","TOT","USD_BAR","A","2006",58.83,
"NOR","OILIMPPRICE","TOT","USD_BAR","A","2007",70.16,
"NOR","OILIMPPRICE","TOT","USD_BAR","A","2008",80.22,
"NOR","OILIMPPRICE","TOT","USD_BAR","A","2009",69.08,
"NOR","OILIMPPRICE","TOT","USD_BAR","A","2010",81.06,
"NOR","OILIMPPRICE","TOT","USD_BAR","A","2011",111.18,
"NOR","OILIMPPRICE","TOT","USD_BAR","A","2012",108.23,
"NOR","OILIMPPRICE","TOT","USD_BAR","A","2013",109.07,
"NOR","OILIMPPRICE","TOT","USD_BAR","A","2014",101.61,
"NOR","OILIMPPRICE","TOT","USD_BAR","A","2015",51.29,
"NOR","OILIMPPRICE","TOT","USD_BAR","A","2016",46.12,
"NOR","OILIMPPRICE","TOT","USD_BAR","A","2017",53.7,
"POL","OILIMPPRICE","TOT","USD_BAR","A","1980",,"L"
"POL","OILIMPPRICE","TOT","USD_BAR","A","1981",,"L"
"POL","OILIMPPRICE","TOT","USD_BAR","A","1982",,"L"
"POL","OILIMPPRICE","TOT","USD_BAR","A","1983",,"L"
"POL","OILIMPPRICE","TOT","USD_BAR","A","1984",,"L"
"POL","OILIMPPRICE","TOT","USD_BAR","A","1985",,"L"
"POL","OILIMPPRICE","TOT","USD_BAR","A","1986",,"L"
"POL","OILIMPPRICE","TOT","USD_BAR","A","1987",,"L"
"POL","OILIMPPRICE","TOT","USD_BAR","A","1988",,"L"
"POL","OILIMPPRICE","TOT","USD_BAR","A","1989",,"L"
"POL","OILIMPPRICE","TOT","USD_BAR","A","1990",,"L"
"POL","OILIMPPRICE","TOT","USD_BAR","A","1991",,"L"
"POL","OILIMPPRICE","TOT","USD_BAR","A","1992",,"L"
"POL","OILIMPPRICE","TOT","USD_BAR","A","1993",,"L"
"POL","OILIMPPRICE","TOT","USD_BAR","A","1994",,"L"
"POL","OILIMPPRICE","TOT","USD_BAR","A","1995",,"L"
"POL","OILIMPPRICE","TOT","USD_BAR","A","1996",,"L"
"POL","OILIMPPRICE","TOT","USD_BAR","A","1997",,"L"
"POL","OILIMPPRICE","TOT","USD_BAR","A","1998",,"L"
"POL","OILIMPPRICE","TOT","USD_BAR","A","1999",,"L"
"POL","OILIMPPRICE","TOT","USD_BAR","A","2000",,"L"
"POL","OILIMPPRICE","TOT","USD_BAR","A","2001",,"L"
"POL","OILIMPPRICE","TOT","USD_BAR","A","2002",,"L"
"POL","OILIMPPRICE","TOT","USD_BAR","A","2003",,"L"
"POL","OILIMPPRICE","TOT","USD_BAR","A","2004",,"L"
"POL","OILIMPPRICE","TOT","USD_BAR","A","2005",,"L"
"POL","OILIMPPRICE","TOT","USD_BAR","A","2006",,"L"
"POL","OILIMPPRICE","TOT","USD_BAR","A","2007",,"L"
"POL","OILIMPPRICE","TOT","USD_BAR","A","2008",94.02,
"POL","OILIMPPRICE","TOT","USD_BAR","A","2009",60.83,
"POL","OILIMPPRICE","TOT","USD_BAR","A","2010",77.89,
"POL","OILIMPPRICE","TOT","USD_BAR","A","2011",109.58,
"POL","OILIMPPRICE","TOT","USD_BAR","A","2012",109.97,
"POL","OILIMPPRICE","TOT","USD_BAR","A","2013",107.71,
"POL","OILIMPPRICE","TOT","USD_BAR","A","2014",96.28,
"POL","OILIMPPRICE","TOT","USD_BAR","A","2015",49.75,
"POL","OILIMPPRICE","TOT","USD_BAR","A","2016",40.64,
"POL","OILIMPPRICE","TOT","USD_BAR","A","2017",52.63,
"PRT","OILIMPPRICE","TOT","USD_BAR","A","1980",35.45,
"PRT","OILIMPPRICE","TOT","USD_BAR","A","1981",38.86,
"PRT","OILIMPPRICE","TOT","USD_BAR","A","1982",36.37,
"PRT","OILIMPPRICE","TOT","USD_BAR","A","1983",32.2,
"PRT","OILIMPPRICE","TOT","USD_BAR","A","1984",30.94,
"PRT","OILIMPPRICE","TOT","USD_BAR","A","1985",29.15,
"PRT","OILIMPPRICE","TOT","USD_BAR","A","1986",16.2,
"PRT","OILIMPPRICE","TOT","USD_BAR","A","1987",18.74,
"PRT","OILIMPPRICE","TOT","USD_BAR","A","1988",15.62,
"PRT","OILIMPPRICE","TOT","USD_BAR","A","1989",18.07,
"PRT","OILIMPPRICE","TOT","USD_BAR","A","1990",22.75,
"PRT","OILIMPPRICE","TOT","USD_BAR","A","1991",19.64,
"PRT","OILIMPPRICE","TOT","USD_BAR","A","1992",18.03,
"PRT","OILIMPPRICE","TOT","USD_BAR","A","1993",16,
"PRT","OILIMPPRICE","TOT","USD_BAR","A","1994",15.72,
"PRT","OILIMPPRICE","TOT","USD_BAR","A","1995",17.22,
"PRT","OILIMPPRICE","TOT","USD_BAR","A","1996",20.35,
"PRT","OILIMPPRICE","TOT","USD_BAR","A","1997",18.95,
"PRT","OILIMPPRICE","TOT","USD_BAR","A","1998",12.21,
"PRT","OILIMPPRICE","TOT","USD_BAR","A","1999",17.38,
"PRT","OILIMPPRICE","TOT","USD_BAR","A","2000",28.2,
"PRT","OILIMPPRICE","TOT","USD_BAR","A","2001",24.02,
"PRT","OILIMPPRICE","TOT","USD_BAR","A","2002",24.27,
"PRT","OILIMPPRICE","TOT","USD_BAR","A","2003",28.72,
"PRT","OILIMPPRICE","TOT","USD_BAR","A","2004",37.89,
"PRT","OILIMPPRICE","TOT","USD_BAR","A","2005",51.94,
"PRT","OILIMPPRICE","TOT","USD_BAR","A","2006",62.77,
"PRT","OILIMPPRICE","TOT","USD_BAR","A","2007",70.23,
"PRT","OILIMPPRICE","TOT","USD_BAR","A","2008",98.83,
"PRT","OILIMPPRICE","TOT","USD_BAR","A","2009",62.49,
"PRT","OILIMPPRICE","TOT","USD_BAR","A","2010",79.13,
"PRT","OILIMPPRICE","TOT","USD_BAR","A","2011",112.33,
"PRT","OILIMPPRICE","TOT","USD_BAR","A","2012",112.21,
"PRT","OILIMPPRICE","TOT","USD_BAR","A","2013",109.74,
"PRT","OILIMPPRICE","TOT","USD_BAR","A","2014",100.22,
"PRT","OILIMPPRICE","TOT","USD_BAR","A","2015",53.44,
"PRT","OILIMPPRICE","TOT","USD_BAR","A","2016",42.73,
"PRT","OILIMPPRICE","TOT","USD_BAR","A","2017",53.59,
"SVK","OILIMPPRICE","TOT","USD_BAR","A","1980",,"L"
"SVK","OILIMPPRICE","TOT","USD_BAR","A","1981",,"L"
"SVK","OILIMPPRICE","TOT","USD_BAR","A","1982",,"L"
"SVK","OILIMPPRICE","TOT","USD_BAR","A","1983",,"L"
"SVK","OILIMPPRICE","TOT","USD_BAR","A","1984",,"L"
"SVK","OILIMPPRICE","TOT","USD_BAR","A","1985",,"L"
"SVK","OILIMPPRICE","TOT","USD_BAR","A","1986",,"L"
"SVK","OILIMPPRICE","TOT","USD_BAR","A","1987",,"L"
"SVK","OILIMPPRICE","TOT","USD_BAR","A","1988",,"L"
"SVK","OILIMPPRICE","TOT","USD_BAR","A","1989",,"L"
"SVK","OILIMPPRICE","TOT","USD_BAR","A","1990",,"L"
"SVK","OILIMPPRICE","TOT","USD_BAR","A","1991",,"L"
"SVK","OILIMPPRICE","TOT","USD_BAR","A","1992",,"L"
"SVK","OILIMPPRICE","TOT","USD_BAR","A","1993",,"L"
"SVK","OILIMPPRICE","TOT","USD_BAR","A","1994",,"L"
"SVK","OILIMPPRICE","TOT","USD_BAR","A","1995",,"L"
"SVK","OILIMPPRICE","TOT","USD_BAR","A","1996",,"L"
"SVK","OILIMPPRICE","TOT","USD_BAR","A","1997",,"L"
"SVK","OILIMPPRICE","TOT","USD_BAR","A","1998",,"L"
"SVK","OILIMPPRICE","TOT","USD_BAR","A","1999",,"L"
"SVK","OILIMPPRICE","TOT","USD_BAR","A","2000",,"L"
"SVK","OILIMPPRICE","TOT","USD_BAR","A","2001",,"L"
"SVK","OILIMPPRICE","TOT","USD_BAR","A","2002",,"L"
"SVK","OILIMPPRICE","TOT","USD_BAR","A","2003",,"L"
"SVK","OILIMPPRICE","TOT","USD_BAR","A","2004",,"L"
"SVK","OILIMPPRICE","TOT","USD_BAR","A","2005",,"L"
"SVK","OILIMPPRICE","TOT","USD_BAR","A","2006",,"L"
"SVK","OILIMPPRICE","TOT","USD_BAR","A","2007",69.97,
"SVK","OILIMPPRICE","TOT","USD_BAR","A","2008",90.49,
"SVK","OILIMPPRICE","TOT","USD_BAR","A","2009",59.37,
"SVK","OILIMPPRICE","TOT","USD_BAR","A","2010",78.72,
"SVK","OILIMPPRICE","TOT","USD_BAR","A","2011",108.9,
"SVK","OILIMPPRICE","TOT","USD_BAR","A","2012",109.83,
"SVK","OILIMPPRICE","TOT","USD_BAR","A","2013",107.29,
"SVK","OILIMPPRICE","TOT","USD_BAR","A","2014",95.63,
"SVK","OILIMPPRICE","TOT","USD_BAR","A","2015",50.7,
"SVK","OILIMPPRICE","TOT","USD_BAR","A","2016",42.32,
"SVK","OILIMPPRICE","TOT","USD_BAR","A","2017",53.71,
"ESP","OILIMPPRICE","TOT","USD_BAR","A","1980",32.25,
"ESP","OILIMPPRICE","TOT","USD_BAR","A","1981",35.94,
"ESP","OILIMPPRICE","TOT","USD_BAR","A","1982",32.84,
"ESP","OILIMPPRICE","TOT","USD_BAR","A","1983",29.13,
"ESP","OILIMPPRICE","TOT","USD_BAR","A","1984",28.71,
"ESP","OILIMPPRICE","TOT","USD_BAR","A","1985",27.15,
"ESP","OILIMPPRICE","TOT","USD_BAR","A","1986",13.87,
"ESP","OILIMPPRICE","TOT","USD_BAR","A","1987",18.29,
"ESP","OILIMPPRICE","TOT","USD_BAR","A","1988",14.42,
"ESP","OILIMPPRICE","TOT","USD_BAR","A","1989",17.22,
"ESP","OILIMPPRICE","TOT","USD_BAR","A","1990",21.88,
"ESP","OILIMPPRICE","TOT","USD_BAR","A","1991",18.5,
"ESP","OILIMPPRICE","TOT","USD_BAR","A","1992",17.31,
"ESP","OILIMPPRICE","TOT","USD_BAR","A","1993",15.13,
"ESP","OILIMPPRICE","TOT","USD_BAR","A","1994",15.24,
"ESP","OILIMPPRICE","TOT","USD_BAR","A","1995",16.96,
"ESP","OILIMPPRICE","TOT","USD_BAR","A","1996",20.45,
"ESP","OILIMPPRICE","TOT","USD_BAR","A","1997",18.34,
"ESP","OILIMPPRICE","TOT","USD_BAR","A","1998",11.8,
"ESP","OILIMPPRICE","TOT","USD_BAR","A","1999",16.99,
"ESP","OILIMPPRICE","TOT","USD_BAR","A","2000",27.16,
"ESP","OILIMPPRICE","TOT","USD_BAR","A","2001",23.32,
"ESP","OILIMPPRICE","TOT","USD_BAR","A","2002",23.95,
"ESP","OILIMPPRICE","TOT","USD_BAR","A","2003",28.13,
"ESP","OILIMPPRICE","TOT","USD_BAR","A","2004",36.03,
"ESP","OILIMPPRICE","TOT","USD_BAR","A","2005",50.54,
"ESP","OILIMPPRICE","TOT","USD_BAR","A","2006",60.99,
"ESP","OILIMPPRICE","TOT","USD_BAR","A","2007",68.66,
"ESP","OILIMPPRICE","TOT","USD_BAR","A","2008",94.86,
"ESP","OILIMPPRICE","TOT","USD_BAR","A","2009",59.78,
"ESP","OILIMPPRICE","TOT","USD_BAR","A","2010",77.84,
"ESP","OILIMPPRICE","TOT","USD_BAR","A","2011",108.5,
"ESP","OILIMPPRICE","TOT","USD_BAR","A","2012",109.48,
"ESP","OILIMPPRICE","TOT","USD_BAR","A","2013",106.77,
"ESP","OILIMPPRICE","TOT","USD_BAR","A","2014",97.07,
"ESP","OILIMPPRICE","TOT","USD_BAR","A","2015",49.51,
"ESP","OILIMPPRICE","TOT","USD_BAR","A","2016",40.08,
"ESP","OILIMPPRICE","TOT","USD_BAR","A","2017",51.69,
"SWE","OILIMPPRICE","TOT","USD_BAR","A","1980",32.22,
"SWE","OILIMPPRICE","TOT","USD_BAR","A","1981",35.7,
"SWE","OILIMPPRICE","TOT","USD_BAR","A","1982",33.63,
"SWE","OILIMPPRICE","TOT","USD_BAR","A","1983",29.77,
"SWE","OILIMPPRICE","TOT","USD_BAR","A","1984",28.97,
"SWE","OILIMPPRICE","TOT","USD_BAR","A","1985",27.51,
"SWE","OILIMPPRICE","TOT","USD_BAR","A","1986",14.67,
"SWE","OILIMPPRICE","TOT","USD_BAR","A","1987",18,
"SWE","OILIMPPRICE","TOT","USD_BAR","A","1988",14.73,
"SWE","OILIMPPRICE","TOT","USD_BAR","A","1989",18.05,
"SWE","OILIMPPRICE","TOT","USD_BAR","A","1990",23.02,
"SWE","OILIMPPRICE","TOT","USD_BAR","A","1991",20.19,
"SWE","OILIMPPRICE","TOT","USD_BAR","A","1992",18.98,
"SWE","OILIMPPRICE","TOT","USD_BAR","A","1993",16.6,
"SWE","OILIMPPRICE","TOT","USD_BAR","A","1994",15.81,
"SWE","OILIMPPRICE","TOT","USD_BAR","A","1995",17.23,
"SWE","OILIMPPRICE","TOT","USD_BAR","A","1996",20.86,
"SWE","OILIMPPRICE","TOT","USD_BAR","A","1997",18.9,
"SWE","OILIMPPRICE","TOT","USD_BAR","A","1998",12.61,
"SWE","OILIMPPRICE","TOT","USD_BAR","A","1999",17.68,
"SWE","OILIMPPRICE","TOT","USD_BAR","A","2000",28.13,
"SWE","OILIMPPRICE","TOT","USD_BAR","A","2001",24.03,
"SWE","OILIMPPRICE","TOT","USD_BAR","A","2002",23.86,
"SWE","OILIMPPRICE","TOT","USD_BAR","A","2003",28.6,
"SWE","OILIMPPRICE","TOT","USD_BAR","A","2004",36.47,
"SWE","OILIMPPRICE","TOT","USD_BAR","A","2005",51.78,
"SWE","OILIMPPRICE","TOT","USD_BAR","A","2006",62.5,
"SWE","OILIMPPRICE","TOT","USD_BAR","A","2007",70.13,
"SWE","OILIMPPRICE","TOT","USD_BAR","A","2008",95.09,
"SWE","OILIMPPRICE","TOT","USD_BAR","A","2009",60.58,
"SWE","OILIMPPRICE","TOT","USD_BAR","A","2010",79,
"SWE","OILIMPPRICE","TOT","USD_BAR","A","2011",110.67,
"SWE","OILIMPPRICE","TOT","USD_BAR","A","2012",112.36,
"SWE","OILIMPPRICE","TOT","USD_BAR","A","2013",109.1,
"SWE","OILIMPPRICE","TOT","USD_BAR","A","2014",97.75,
"SWE","OILIMPPRICE","TOT","USD_BAR","A","2015",51.19,
"SWE","OILIMPPRICE","TOT","USD_BAR","A","2016",42.41,
"SWE","OILIMPPRICE","TOT","USD_BAR","A","2017",54.17,
"CHE","OILIMPPRICE","TOT","USD_BAR","A","1980",34.68,
"CHE","OILIMPPRICE","TOT","USD_BAR","A","1981",37.97,
"CHE","OILIMPPRICE","TOT","USD_BAR","A","1982",34.23,
"CHE","OILIMPPRICE","TOT","USD_BAR","A","1983",30.25,
"CHE","OILIMPPRICE","TOT","USD_BAR","A","1984",28.79,
"CHE","OILIMPPRICE","TOT","USD_BAR","A","1985",27.81,
"CHE","OILIMPPRICE","TOT","USD_BAR","A","1986",14.28,
"CHE","OILIMPPRICE","TOT","USD_BAR","A","1987",18.41,
"CHE","OILIMPPRICE","TOT","USD_BAR","A","1988",15.3,
"CHE","OILIMPPRICE","TOT","USD_BAR","A","1989",19.02,
"CHE","OILIMPPRICE","TOT","USD_BAR","A","1990",24.23,
"CHE","OILIMPPRICE","TOT","USD_BAR","A","1991",21.05,
"CHE","OILIMPPRICE","TOT","USD_BAR","A","1992",19.6,
"CHE","OILIMPPRICE","TOT","USD_BAR","A","1993",17.49,
"CHE","OILIMPPRICE","TOT","USD_BAR","A","1994",16.36,
"CHE","OILIMPPRICE","TOT","USD_BAR","A","1995",17.69,
"CHE","OILIMPPRICE","TOT","USD_BAR","A","1996",21.71,
"CHE","OILIMPPRICE","TOT","USD_BAR","A","1997",20.5,
"CHE","OILIMPPRICE","TOT","USD_BAR","A","1998",13.38,
"CHE","OILIMPPRICE","TOT","USD_BAR","A","1999",18.35,
"CHE","OILIMPPRICE","TOT","USD_BAR","A","2000",29.53,
"CHE","OILIMPPRICE","TOT","USD_BAR","A","2001",25.04,
"CHE","OILIMPPRICE","TOT","USD_BAR","A","2002",25.34,
"CHE","OILIMPPRICE","TOT","USD_BAR","A","2003",30.26,
"CHE","OILIMPPRICE","TOT","USD_BAR","A","2004",38.73,
"CHE","OILIMPPRICE","TOT","USD_BAR","A","2005",55.81,
"CHE","OILIMPPRICE","TOT","USD_BAR","A","2006",66.76,
"CHE","OILIMPPRICE","TOT","USD_BAR","A","2007",74.92,
"CHE","OILIMPPRICE","TOT","USD_BAR","A","2008",101.03,
"CHE","OILIMPPRICE","TOT","USD_BAR","A","2009",63.27,
"CHE","OILIMPPRICE","TOT","USD_BAR","A","2010",80.92,
"CHE","OILIMPPRICE","TOT","USD_BAR","A","2011",112.51,
"CHE","OILIMPPRICE","TOT","USD_BAR","A","2012",111.3,
"CHE","OILIMPPRICE","TOT","USD_BAR","A","2013",110.35,
"CHE","OILIMPPRICE","TOT","USD_BAR","A","2014",101.91,
"CHE","OILIMPPRICE","TOT","USD_BAR","A","2015",54.38,
"CHE","OILIMPPRICE","TOT","USD_BAR","A","2016",44.73,
"CHE","OILIMPPRICE","TOT","USD_BAR","A","2017",56.31,
"TUR","OILIMPPRICE","TOT","USD_BAR","A","1980",,"L"
"TUR","OILIMPPRICE","TOT","USD_BAR","A","1981",,"L"
"TUR","OILIMPPRICE","TOT","USD_BAR","A","1982",,"L"
"TUR","OILIMPPRICE","TOT","USD_BAR","A","1983",30.74,
"TUR","OILIMPPRICE","TOT","USD_BAR","A","1984",29.84,
"TUR","OILIMPPRICE","TOT","USD_BAR","A","1985",29.25,
"TUR","OILIMPPRICE","TOT","USD_BAR","A","1986",14.5,
"TUR","OILIMPPRICE","TOT","USD_BAR","A","1987",18.52,
"TUR","OILIMPPRICE","TOT","USD_BAR","A","1988",15.14,
"TUR","OILIMPPRICE","TOT","USD_BAR","A","1989",17.8,
"TUR","OILIMPPRICE","TOT","USD_BAR","A","1990",23.11,
"TUR","OILIMPPRICE","TOT","USD_BAR","A","1991",19.11,
"TUR","OILIMPPRICE","TOT","USD_BAR","A","1992",18.62,
"TUR","OILIMPPRICE","TOT","USD_BAR","A","1993",16.05,
"TUR","OILIMPPRICE","TOT","USD_BAR","A","1994",15.52,
"TUR","OILIMPPRICE","TOT","USD_BAR","A","1995",16.78,
"TUR","OILIMPPRICE","TOT","USD_BAR","A","1996",20.25,
"TUR","OILIMPPRICE","TOT","USD_BAR","A","1997",18.79,
"TUR","OILIMPPRICE","TOT","USD_BAR","A","1998",11.99,
"TUR","OILIMPPRICE","TOT","USD_BAR","A","1999",16.07,
"TUR","OILIMPPRICE","TOT","USD_BAR","A","2000",26.61,
"TUR","OILIMPPRICE","TOT","USD_BAR","A","2001",22.98,
"TUR","OILIMPPRICE","TOT","USD_BAR","A","2002",23.57,
"TUR","OILIMPPRICE","TOT","USD_BAR","A","2003",27.05,
"TUR","OILIMPPRICE","TOT","USD_BAR","A","2004",34.9,
"TUR","OILIMPPRICE","TOT","USD_BAR","A","2005",50.65,
"TUR","OILIMPPRICE","TOT","USD_BAR","A","2006",61.48,
"TUR","OILIMPPRICE","TOT","USD_BAR","A","2007",68.59,
"TUR","OILIMPPRICE","TOT","USD_BAR","A","2008",98.07,
"TUR","OILIMPPRICE","TOT","USD_BAR","A","2009",61.27,
"TUR","OILIMPPRICE","TOT","USD_BAR","A","2010",78.26,
"TUR","OILIMPPRICE","TOT","USD_BAR","A","2011",109.81,
"TUR","OILIMPPRICE","TOT","USD_BAR","A","2012",111.7,
"TUR","OILIMPPRICE","TOT","USD_BAR","A","2013",108.37,
"TUR","OILIMPPRICE","TOT","USD_BAR","A","2014",99.71,
"TUR","OILIMPPRICE","TOT","USD_BAR","A","2015",51.42,
"TUR","OILIMPPRICE","TOT","USD_BAR","A","2016",41.28,
"TUR","OILIMPPRICE","TOT","USD_BAR","A","2017",52.01,
"GBR","OILIMPPRICE","TOT","USD_BAR","A","1980",31.22,
"GBR","OILIMPPRICE","TOT","USD_BAR","A","1981",35.24,
"GBR","OILIMPPRICE","TOT","USD_BAR","A","1982",33.73,
"GBR","OILIMPPRICE","TOT","USD_BAR","A","1983",30.01,
"GBR","OILIMPPRICE","TOT","USD_BAR","A","1984",28.7,
"GBR","OILIMPPRICE","TOT","USD_BAR","A","1985",27.63,
"GBR","OILIMPPRICE","TOT","USD_BAR","A","1986",14.07,
"GBR","OILIMPPRICE","TOT","USD_BAR","A","1987",18.05,
"GBR","OILIMPPRICE","TOT","USD_BAR","A","1988",14.92,
"GBR","OILIMPPRICE","TOT","USD_BAR","A","1989",17.6,
"GBR","OILIMPPRICE","TOT","USD_BAR","A","1990",22.92,
"GBR","OILIMPPRICE","TOT","USD_BAR","A","1991",20.06,
"GBR","OILIMPPRICE","TOT","USD_BAR","A","1992",19.07,
"GBR","OILIMPPRICE","TOT","USD_BAR","A","1993",16.58,
"GBR","OILIMPPRICE","TOT","USD_BAR","A","1994",15.83,
"GBR","OILIMPPRICE","TOT","USD_BAR","A","1995",17.29,
"GBR","OILIMPPRICE","TOT","USD_BAR","A","1996",21.08,
"GBR","OILIMPPRICE","TOT","USD_BAR","A","1997",19.32,
"GBR","OILIMPPRICE","TOT","USD_BAR","A","1998",12.64,
"GBR","OILIMPPRICE","TOT","USD_BAR","A","1999",18.01,
"GBR","OILIMPPRICE","TOT","USD_BAR","A","2000",28.45,
"GBR","OILIMPPRICE","TOT","USD_BAR","A","2001",24.45,
"GBR","OILIMPPRICE","TOT","USD_BAR","A","2002",24.58,
"GBR","OILIMPPRICE","TOT","USD_BAR","A","2003",29.13,
"GBR","OILIMPPRICE","TOT","USD_BAR","A","2004",37.75,
"GBR","OILIMPPRICE","TOT","USD_BAR","A","2005",53.79,
"GBR","OILIMPPRICE","TOT","USD_BAR","A","2006",65,
"GBR","OILIMPPRICE","TOT","USD_BAR","A","2007",73.8,
"GBR","OILIMPPRICE","TOT","USD_BAR","A","2008",99.34,
"GBR","OILIMPPRICE","TOT","USD_BAR","A","2009",62.39,
"GBR","OILIMPPRICE","TOT","USD_BAR","A","2010",80.6,
"GBR","OILIMPPRICE","TOT","USD_BAR","A","2011",113.49,
"GBR","OILIMPPRICE","TOT","USD_BAR","A","2012",112.62,
"GBR","OILIMPPRICE","TOT","USD_BAR","A","2013",110.27,
"GBR","OILIMPPRICE","TOT","USD_BAR","A","2014",100.07,
"GBR","OILIMPPRICE","TOT","USD_BAR","A","2015",53.81,
"GBR","OILIMPPRICE","TOT","USD_BAR","A","2016",44.62,
"GBR","OILIMPPRICE","TOT","USD_BAR","A","2017",54.69,
"USA","OILIMPPRICE","TOT","USD_BAR","A","1980",33.39,
"USA","OILIMPPRICE","TOT","USD_BAR","A","1981",36.69,
"USA","OILIMPPRICE","TOT","USD_BAR","A","1982",33.39,
"USA","OILIMPPRICE","TOT","USD_BAR","A","1983",29.19,
"USA","OILIMPPRICE","TOT","USD_BAR","A","1984",28.6,
"USA","OILIMPPRICE","TOT","USD_BAR","A","1985",26.78,
"USA","OILIMPPRICE","TOT","USD_BAR","A","1986",14.71,
"USA","OILIMPPRICE","TOT","USD_BAR","A","1987",17.73,
"USA","OILIMPPRICE","TOT","USD_BAR","A","1988",14.33,
"USA","OILIMPPRICE","TOT","USD_BAR","A","1989",17.5,
"USA","OILIMPPRICE","TOT","USD_BAR","A","1990",21.07,
"USA","OILIMPPRICE","TOT","USD_BAR","A","1991",18.23,
"USA","OILIMPPRICE","TOT","USD_BAR","A","1992",17.73,
"USA","OILIMPPRICE","TOT","USD_BAR","A","1993",15.87,
"USA","OILIMPPRICE","TOT","USD_BAR","A","1994",15.06,
"USA","OILIMPPRICE","TOT","USD_BAR","A","1995",16.74,
"USA","OILIMPPRICE","TOT","USD_BAR","A","1996",20.16,
"USA","OILIMPPRICE","TOT","USD_BAR","A","1997",18.34,
"USA","OILIMPPRICE","TOT","USD_BAR","A","1998",12.02,
"USA","OILIMPPRICE","TOT","USD_BAR","A","1999",17.06,
"USA","OILIMPPRICE","TOT","USD_BAR","A","2000",27.54,
"USA","OILIMPPRICE","TOT","USD_BAR","A","2001",22.07,
"USA","OILIMPPRICE","TOT","USD_BAR","A","2002",23.52,
"USA","OILIMPPRICE","TOT","USD_BAR","A","2003",27.66,
"USA","OILIMPPRICE","TOT","USD_BAR","A","2004",35.86,
"USA","OILIMPPRICE","TOT","USD_BAR","A","2005",48.82,
"USA","OILIMPPRICE","TOT","USD_BAR","A","2006",59.17,
"USA","OILIMPPRICE","TOT","USD_BAR","A","2007",66.77,
"USA","OILIMPPRICE","TOT","USD_BAR","A","2008",94.97,
"USA","OILIMPPRICE","TOT","USD_BAR","A","2009",58.83,
"USA","OILIMPPRICE","TOT","USD_BAR","A","2010",76.02,
"USA","OILIMPPRICE","TOT","USD_BAR","A","2011",102.43,
"USA","OILIMPPRICE","TOT","USD_BAR","A","2012",101.16,
"USA","OILIMPPRICE","TOT","USD_BAR","A","2013",97.26,
"USA","OILIMPPRICE","TOT","USD_BAR","A","2014",89.43,
"USA","OILIMPPRICE","TOT","USD_BAR","A","2015",45.81,
"USA","OILIMPPRICE","TOT","USD_BAR","A","2016",37.94,
"USA","OILIMPPRICE","TOT","USD_BAR","A","2017",48.12,
"EST","OILIMPPRICE","TOT","USD_BAR","A","1980",,"M"
"EST","OILIMPPRICE","TOT","USD_BAR","A","1981",,"M"
"EST","OILIMPPRICE","TOT","USD_BAR","A","1982",,"M"
"EST","OILIMPPRICE","TOT","USD_BAR","A","1983",,"M"
"EST","OILIMPPRICE","TOT","USD_BAR","A","1984",,"M"
"EST","OILIMPPRICE","TOT","USD_BAR","A","1985",,"M"
"EST","OILIMPPRICE","TOT","USD_BAR","A","1986",,"M"
"EST","OILIMPPRICE","TOT","USD_BAR","A","1987",,"M"
"EST","OILIMPPRICE","TOT","USD_BAR","A","1988",,"M"
"EST","OILIMPPRICE","TOT","USD_BAR","A","1989",,"M"
"EST","OILIMPPRICE","TOT","USD_BAR","A","1990",,"M"
"EST","OILIMPPRICE","TOT","USD_BAR","A","1991",,"M"
"EST","OILIMPPRICE","TOT","USD_BAR","A","1992",,"M"
"EST","OILIMPPRICE","TOT","USD_BAR","A","1993",,"M"
"EST","OILIMPPRICE","TOT","USD_BAR","A","1994",,"M"
"EST","OILIMPPRICE","TOT","USD_BAR","A","1995",,"M"
"EST","OILIMPPRICE","TOT","USD_BAR","A","1996",,"M"
"EST","OILIMPPRICE","TOT","USD_BAR","A","1997",,"M"
"EST","OILIMPPRICE","TOT","USD_BAR","A","1998",,"M"
"EST","OILIMPPRICE","TOT","USD_BAR","A","1999",,"M"
"EST","OILIMPPRICE","TOT","USD_BAR","A","2000",,"M"
"EST","OILIMPPRICE","TOT","USD_BAR","A","2001",,"M"
"EST","OILIMPPRICE","TOT","USD_BAR","A","2002",,"M"
"EST","OILIMPPRICE","TOT","USD_BAR","A","2003",,"M"
"EST","OILIMPPRICE","TOT","USD_BAR","A","2004",,"M"
"EST","OILIMPPRICE","TOT","USD_BAR","A","2005",,"M"
"EST","OILIMPPRICE","TOT","USD_BAR","A","2006",,"M"
"EST","OILIMPPRICE","TOT","USD_BAR","A","2007",,"M"
"EST","OILIMPPRICE","TOT","USD_BAR","A","2008",,"M"
"EST","OILIMPPRICE","TOT","USD_BAR","A","2009",,"M"
"EST","OILIMPPRICE","TOT","USD_BAR","A","2010",,"M"
"EST","OILIMPPRICE","TOT","USD_BAR","A","2011",,"L"
"EST","OILIMPPRICE","TOT","USD_BAR","A","2012",,"L"
"EST","OILIMPPRICE","TOT","USD_BAR","A","2013",,"L"
"EST","OILIMPPRICE","TOT","USD_BAR","A","2014",,"L"
"EST","OILIMPPRICE","TOT","USD_BAR","A","2015",,"L"
"EST","OILIMPPRICE","TOT","USD_BAR","A","2016",,"L"
"EST","OILIMPPRICE","TOT","USD_BAR","A","2017",,"L"
"LUX","OILIMPPRICE","TOT","USD_BAR","A","1980",,"M"
"LUX","OILIMPPRICE","TOT","USD_BAR","A","1981",,"M"
"LUX","OILIMPPRICE","TOT","USD_BAR","A","1982",,"M"
"LUX","OILIMPPRICE","TOT","USD_BAR","A","1983",,"M"
"LUX","OILIMPPRICE","TOT","USD_BAR","A","1984",,"M"
"LUX","OILIMPPRICE","TOT","USD_BAR","A","1985",,"M"
"LUX","OILIMPPRICE","TOT","USD_BAR","A","1986",,"M"
"LUX","OILIMPPRICE","TOT","USD_BAR","A","1987",,"M"
"LUX","OILIMPPRICE","TOT","USD_BAR","A","1988",,"M"
"LUX","OILIMPPRICE","TOT","USD_BAR","A","1989",,"M"
"LUX","OILIMPPRICE","TOT","USD_BAR","A","1990",,"M"
"LUX","OILIMPPRICE","TOT","USD_BAR","A","1991",,"M"
"LUX","OILIMPPRICE","TOT","USD_BAR","A","1992",,"M"
"LUX","OILIMPPRICE","TOT","USD_BAR","A","1993",,"M"
"LUX","OILIMPPRICE","TOT","USD_BAR","A","1994",,"M"
"LUX","OILIMPPRICE","TOT","USD_BAR","A","1995",,"M"
"LUX","OILIMPPRICE","TOT","USD_BAR","A","1996",,"M"
"LUX","OILIMPPRICE","TOT","USD_BAR","A","1997",,"M"
"LUX","OILIMPPRICE","TOT","USD_BAR","A","1998",,"M"
"LUX","OILIMPPRICE","TOT","USD_BAR","A","1999",,"M"
"LUX","OILIMPPRICE","TOT","USD_BAR","A","2000",,"M"
"LUX","OILIMPPRICE","TOT","USD_BAR","A","2001",,"M"
"LUX","OILIMPPRICE","TOT","USD_BAR","A","2002",,"M"
"LUX","OILIMPPRICE","TOT","USD_BAR","A","2003",,"M"
"LUX","OILIMPPRICE","TOT","USD_BAR","A","2004",,"M"
"LUX","OILIMPPRICE","TOT","USD_BAR","A","2005",,"M"
"LUX","OILIMPPRICE","TOT","USD_BAR","A","2006",,"M"
"LUX","OILIMPPRICE","TOT","USD_BAR","A","2007",,"M"
"LUX","OILIMPPRICE","TOT","USD_BAR","A","2008",,"M"
"LUX","OILIMPPRICE","TOT","USD_BAR","A","2009",,"M"
"LUX","OILIMPPRICE","TOT","USD_BAR","A","2010",,"M"
"LUX","OILIMPPRICE","TOT","USD_BAR","A","2011",,"L"
"LUX","OILIMPPRICE","TOT","USD_BAR","A","2012",,"L"
"LUX","OILIMPPRICE","TOT","USD_BAR","A","2013",,"L"
"LUX","OILIMPPRICE","TOT","USD_BAR","A","2014",,"L"
"LUX","OILIMPPRICE","TOT","USD_BAR","A","2015",,"L"
"LUX","OILIMPPRICE","TOT","USD_BAR","A","2016",,"L"
"LUX","OILIMPPRICE","TOT","USD_BAR","A","2017",,"L"
